model_index,index,D,H,I,N,R,S,beta,id,label,phd,phr,pih,pir,rhd,rhr,rih,rir,timestep,description,error,true_points,runtime (s),I_bound,S_vac_F,S_vac_T,beta___to_____S_vac_F_to_,beta___to_____S_vac_F_to__,beta___to_____S_vac_T_to_,beta___to_____S_vac_T_to__,p_cross_S_vac_F_to_S_vac_T,p_cross_S_vac_F_to_S_vac_T_,p_cross_S_vac_T_to_S_vac_F,p_cross_S_vac_T_to_S_vac_F_,S_vac_T_age_0,S_vac_T_age_1,S_vac_T_age_2,beta___to_____S_vac_T_to_____to_____S_vac_T_age_0_to_,beta___to_____S_vac_T_to_____to_____S_vac_T_age_0_to__,beta___to_____S_vac_T_to_____to_____S_vac_T_age_1_to_,beta___to_____S_vac_T_to_____to_____S_vac_T_age_1_to__,beta___to_____S_vac_T_to_____to_____S_vac_T_age_2_to_,beta___to_____S_vac_T_to_____to_____S_vac_T_age_2_to__,p_cross_S_vac_F_to_S_vac_T_age_0,p_cross_S_vac_F_to_S_vac_T_age_0_,p_cross_S_vac_F_to_S_vac_T_age_1,p_cross_S_vac_F_to_S_vac_T_age_1_,p_cross_S_vac_F_to_S_vac_T_age_2,p_cross_S_vac_F_to_S_vac_T_age_2_,p_cross_S_vac_T_age_0_to_S_vac_F,p_cross_S_vac_T_age_0_to_S_vac_F_,p_cross_S_vac_T_age_0_to_S_vac_T_age_1,p_cross_S_vac_T_age_0_to_S_vac_T_age_1_,p_cross_S_vac_T_age_0_to_S_vac_T_age_2,p_cross_S_vac_T_age_0_to_S_vac_T_age_2_,p_cross_S_vac_T_age_1_to_S_vac_F,p_cross_S_vac_T_age_1_to_S_vac_F_,p_cross_S_vac_T_age_1_to_S_vac_T_age_0,p_cross_S_vac_T_age_1_to_S_vac_T_age_0_,p_cross_S_vac_T_age_1_to_S_vac_T_age_2,p_cross_S_vac_T_age_1_to_S_vac_T_age_2_,p_cross_S_vac_T_age_2_to_S_vac_F,p_cross_S_vac_T_age_2_to_S_vac_F_,p_cross_S_vac_T_age_2_to_S_vac_T_age_0,p_cross_S_vac_T_age_2_to_S_vac_T_age_0_,p_cross_S_vac_T_age_2_to_S_vac_T_age_1,p_cross_S_vac_T_age_2_to_S_vac_T_age_1_,S_vac_F_age_0,S_vac_F_age_1,S_vac_F_age_2,beta___to_____S_vac_F_to_____to_____S_vac_F_age_0_to_,beta___to_____S_vac_F_to_____to_____S_vac_F_age_0_to__,beta___to_____S_vac_F_to_____to_____S_vac_F_age_1_to_,beta___to_____S_vac_F_to_____to_____S_vac_F_age_1_to__,beta___to_____S_vac_F_to_____to_____S_vac_F_age_2_to_,beta___to_____S_vac_F_to_____to_____S_vac_F_age_2_to__,p_cross_S_vac_F_age_0_to_S_vac_F_age_1,p_cross_S_vac_F_age_0_to_S_vac_F_age_1_,p_cross_S_vac_F_age_0_to_S_vac_F_age_2,p_cross_S_vac_F_age_0_to_S_vac_F_age_2_,p_cross_S_vac_F_age_0_to_S_vac_T_age_0,p_cross_S_vac_F_age_0_to_S_vac_T_age_0_,p_cross_S_vac_F_age_0_to_S_vac_T_age_1,p_cross_S_vac_F_age_0_to_S_vac_T_age_1_,p_cross_S_vac_F_age_0_to_S_vac_T_age_2,p_cross_S_vac_F_age_0_to_S_vac_T_age_2_,p_cross_S_vac_F_age_1_to_S_vac_F_age_0,p_cross_S_vac_F_age_1_to_S_vac_F_age_0_,p_cross_S_vac_F_age_1_to_S_vac_F_age_2,p_cross_S_vac_F_age_1_to_S_vac_F_age_2_,p_cross_S_vac_F_age_1_to_S_vac_T_age_0,p_cross_S_vac_F_age_1_to_S_vac_T_age_0_,p_cross_S_vac_F_age_1_to_S_vac_T_age_1,p_cross_S_vac_F_age_1_to_S_vac_T_age_1_,p_cross_S_vac_F_age_1_to_S_vac_T_age_2,p_cross_S_vac_F_age_1_to_S_vac_T_age_2_,p_cross_S_vac_F_age_2_to_S_vac_F_age_0,p_cross_S_vac_F_age_2_to_S_vac_F_age_0_,p_cross_S_vac_F_age_2_to_S_vac_F_age_1,p_cross_S_vac_F_age_2_to_S_vac_F_age_1_,p_cross_S_vac_F_age_2_to_S_vac_T_age_0,p_cross_S_vac_F_age_2_to_S_vac_T_age_0_,p_cross_S_vac_F_age_2_to_S_vac_T_age_1,p_cross_S_vac_F_age_2_to_S_vac_T_age_1_,p_cross_S_vac_F_age_2_to_S_vac_T_age_2,p_cross_S_vac_F_age_2_to_S_vac_T_age_2_,p_cross_S_vac_T_age_0_to_S_vac_F_age_0,p_cross_S_vac_T_age_0_to_S_vac_F_age_0_,p_cross_S_vac_T_age_0_to_S_vac_F_age_1,p_cross_S_vac_T_age_0_to_S_vac_F_age_1_,p_cross_S_vac_T_age_0_to_S_vac_F_age_2,p_cross_S_vac_T_age_0_to_S_vac_F_age_2_,p_cross_S_vac_T_age_1_to_S_vac_F_age_0,p_cross_S_vac_T_age_1_to_S_vac_F_age_0_,p_cross_S_vac_T_age_1_to_S_vac_F_age_1,p_cross_S_vac_T_age_1_to_S_vac_F_age_1_,p_cross_S_vac_T_age_1_to_S_vac_F_age_2,p_cross_S_vac_T_age_1_to_S_vac_F_age_2_,p_cross_S_vac_T_age_2_to_S_vac_F_age_0,p_cross_S_vac_T_age_2_to_S_vac_F_age_0_,p_cross_S_vac_T_age_2_to_S_vac_F_age_1,p_cross_S_vac_T_age_2_to_S_vac_F_age_1_,p_cross_S_vac_T_age_2_to_S_vac_F_age_2,p_cross_S_vac_T_age_2_to_S_vac_F_age_2_,D_lb,D_ub,H_lb,H_ub,I_lb,I_ub,N_lb,N_ub,R_lb,R_ub,S_vac_F_lb,S_vac_F_ub,S_vac_T_lb,S_vac_T_ub,beta___to_____S_vac_F_to___lb,beta___to_____S_vac_F_to___ub,beta___to_____S_vac_T_to___lb,beta___to_____S_vac_T_to___ub,p_cross_S_vac_F_to_S_vac_T__lb,p_cross_S_vac_F_to_S_vac_T__ub,p_cross_S_vac_T_to_S_vac_F__lb,p_cross_S_vac_T_to_S_vac_F__ub,phd_lb,phd_ub,phr_lb,phr_ub,pih_lb,pih_ub,pir_lb,pir_ub,rhd_lb,rhd_ub,rhr_lb,rhr_ub,rih_lb,rih_ub,rir_lb,rir_ub,S_vac_T_age_0_lb,S_vac_T_age_0_ub,S_vac_T_age_1_lb,S_vac_T_age_1_ub,S_vac_T_age_2_lb,S_vac_T_age_2_ub,beta___to_____S_vac_T_to_____to_____S_vac_T_age_0_to___lb,beta___to_____S_vac_T_to_____to_____S_vac_T_age_0_to___ub,beta___to_____S_vac_T_to_____to_____S_vac_T_age_1_to___lb,beta___to_____S_vac_T_to_____to_____S_vac_T_age_1_to___ub,beta___to_____S_vac_T_to_____to_____S_vac_T_age_2_to___lb,beta___to_____S_vac_T_to_____to_____S_vac_T_age_2_to___ub,p_cross_S_vac_F_to_S_vac_T_age_0__lb,p_cross_S_vac_F_to_S_vac_T_age_0__ub,p_cross_S_vac_F_to_S_vac_T_age_1__lb,p_cross_S_vac_F_to_S_vac_T_age_1__ub,p_cross_S_vac_F_to_S_vac_T_age_2__lb,p_cross_S_vac_F_to_S_vac_T_age_2__ub,p_cross_S_vac_T_age_0_to_S_vac_F__lb,p_cross_S_vac_T_age_0_to_S_vac_F__ub,p_cross_S_vac_T_age_0_to_S_vac_T_age_1__lb,p_cross_S_vac_T_age_0_to_S_vac_T_age_1__ub,p_cross_S_vac_T_age_0_to_S_vac_T_age_2__lb,p_cross_S_vac_T_age_0_to_S_vac_T_age_2__ub,p_cross_S_vac_T_age_1_to_S_vac_F__lb,p_cross_S_vac_T_age_1_to_S_vac_F__ub,p_cross_S_vac_T_age_1_to_S_vac_T_age_0__lb,p_cross_S_vac_T_age_1_to_S_vac_T_age_0__ub,p_cross_S_vac_T_age_1_to_S_vac_T_age_2__lb,p_cross_S_vac_T_age_1_to_S_vac_T_age_2__ub,p_cross_S_vac_T_age_2_to_S_vac_F__lb,p_cross_S_vac_T_age_2_to_S_vac_F__ub,p_cross_S_vac_T_age_2_to_S_vac_T_age_0__lb,p_cross_S_vac_T_age_2_to_S_vac_T_age_0__ub,p_cross_S_vac_T_age_2_to_S_vac_T_age_1__lb,p_cross_S_vac_T_age_2_to_S_vac_T_age_1__ub,S_vac_F_age_0_lb,S_vac_F_age_0_ub,S_vac_F_age_1_lb,S_vac_F_age_1_ub,S_vac_F_age_2_lb,S_vac_F_age_2_ub,beta___to_____S_vac_F_to_____to_____S_vac_F_age_0_to___lb,beta___to_____S_vac_F_to_____to_____S_vac_F_age_0_to___ub,beta___to_____S_vac_F_to_____to_____S_vac_F_age_1_to___lb,beta___to_____S_vac_F_to_____to_____S_vac_F_age_1_to___ub,beta___to_____S_vac_F_to_____to_____S_vac_F_age_2_to___lb,beta___to_____S_vac_F_to_____to_____S_vac_F_age_2_to___ub,p_cross_S_vac_F_age_0_to_S_vac_F_age_1__lb,p_cross_S_vac_F_age_0_to_S_vac_F_age_1__ub,p_cross_S_vac_F_age_0_to_S_vac_F_age_2__lb,p_cross_S_vac_F_age_0_to_S_vac_F_age_2__ub,p_cross_S_vac_F_age_0_to_S_vac_T_age_0__lb,p_cross_S_vac_F_age_0_to_S_vac_T_age_0__ub,p_cross_S_vac_F_age_0_to_S_vac_T_age_1__lb,p_cross_S_vac_F_age_0_to_S_vac_T_age_1__ub,p_cross_S_vac_F_age_0_to_S_vac_T_age_2__lb,p_cross_S_vac_F_age_0_to_S_vac_T_age_2__ub,p_cross_S_vac_F_age_1_to_S_vac_F_age_0__lb,p_cross_S_vac_F_age_1_to_S_vac_F_age_0__ub,p_cross_S_vac_F_age_1_to_S_vac_F_age_2__lb,p_cross_S_vac_F_age_1_to_S_vac_F_age_2__ub,p_cross_S_vac_F_age_1_to_S_vac_T_age_0__lb,p_cross_S_vac_F_age_1_to_S_vac_T_age_0__ub,p_cross_S_vac_F_age_1_to_S_vac_T_age_1__lb,p_cross_S_vac_F_age_1_to_S_vac_T_age_1__ub,p_cross_S_vac_F_age_1_to_S_vac_T_age_2__lb,p_cross_S_vac_F_age_1_to_S_vac_T_age_2__ub,p_cross_S_vac_F_age_2_to_S_vac_F_age_0__lb,p_cross_S_vac_F_age_2_to_S_vac_F_age_0__ub,p_cross_S_vac_F_age_2_to_S_vac_F_age_1__lb,p_cross_S_vac_F_age_2_to_S_vac_F_age_1__ub,p_cross_S_vac_F_age_2_to_S_vac_T_age_0__lb,p_cross_S_vac_F_age_2_to_S_vac_T_age_0__ub,p_cross_S_vac_F_age_2_to_S_vac_T_age_1__lb,p_cross_S_vac_F_age_2_to_S_vac_T_age_1__ub,p_cross_S_vac_F_age_2_to_S_vac_T_age_2__lb,p_cross_S_vac_F_age_2_to_S_vac_T_age_2__ub,p_cross_S_vac_T_age_0_to_S_vac_F_age_0__lb,p_cross_S_vac_T_age_0_to_S_vac_F_age_0__ub,p_cross_S_vac_T_age_0_to_S_vac_F_age_1__lb,p_cross_S_vac_T_age_0_to_S_vac_F_age_1__ub,p_cross_S_vac_T_age_0_to_S_vac_F_age_2__lb,p_cross_S_vac_T_age_0_to_S_vac_F_age_2__ub,p_cross_S_vac_T_age_1_to_S_vac_F_age_0__lb,p_cross_S_vac_T_age_1_to_S_vac_F_age_0__ub,p_cross_S_vac_T_age_1_to_S_vac_F_age_1__lb,p_cross_S_vac_T_age_1_to_S_vac_F_age_1__ub,p_cross_S_vac_T_age_1_to_S_vac_F_age_2__lb,p_cross_S_vac_T_age_1_to_S_vac_F_age_2__ub,p_cross_S_vac_T_age_2_to_S_vac_F_age_0__lb,p_cross_S_vac_T_age_2_to_S_vac_F_age_0__ub,p_cross_S_vac_T_age_2_to_S_vac_F_age_1__lb,p_cross_S_vac_T_age_2_to_S_vac_F_age_1__ub,p_cross_S_vac_T_age_2_to_S_vac_F_age_2__lb,p_cross_S_vac_T_age_2_to_S_vac_F_age_2__ub,S_lb,S_ub,beta_lb,beta_ub
0,0.0,781454.0,0.0,1000.0,150000000.0,0.0,149217546.0,0.18000000000000002,0,true,0.13,0.8700000000000001,0.1,0.9,0.30000000000000004,0.07,0.07,0.07,1.0,,False,1,0.982570,True,,,,,,,,,,,,,,,,,,,,,,,,,,,,,,,,,,,,,,,,,,,,,,,,,,,,,,,,,,,,,,,,,,,,,,,,,,,,,,,,,,,,,,,,,,,,,,,,,,,,,,,,,,,,,,,,,,,,,,,,,,,,,,,,,,,,,,,,,,,,,,,,,,,,,,,,,,,,,,,,,,,,,,,,,,,,,,,,,,,,,,,,,,,,,,,,,,,,,,,,,,,,,,,,,,,,,,,,,,,,,,,,,,,,,,,,,,,,,,
0,1.0,781454.1370422221,7.044938002098808,1115.230315320007,150000000.0,66.77778894764458,149217356.80991605,0.18000000000000002,0,true,0.13,0.8700000000000001,0.1,0.9,0.30000000000000004,0.07,0.07,0.07,1.0,,False,1,0.982570,True,,,,,,,,,,,,,,,,,,,,,,,,,,,,,,,,,,,,,,,,,,,,,,,,,,,,,,,,,,,,,,,,,,,,,,,,,,,,,,,,,,,,,,,,,,,,,,,,,,,,,,,,,,,,,,,,,,,,,,,,,,,,,,,,,,,,,,,,,,,,,,,,,,,,,,,,,,,,,,,,,,,,,,,,,,,,,,,,,,,,,,,,,,,,,,,,,,,,,,,,,,,,,,,,,,,,,,,,,,,,,,,,,,,,,,,,,,,,,,
1,0.0,781454.0,0.0,1000.0,150000000.0,0.0,,,0,true,0.13,0.8700000000000001,0.1,0.9,0.30000000000000004,0.07,0.07,0.07,1.0,Stratify S and beta wrt. vaccination status.  Set beta values for strata.,False,1,0.776124,True,74608773.0,74608773.0,0.18000100000000002,0.18000100000000002,0.17999900000000005,0.17999900000000005,1.0,1.0,1.0,1.0,,,,,,,,,,,,,,,,,,,,,,,,,,,,,,,,,,,,,,,,,,,,,,,,,,,,,,,,,,,,,,,,,,,,,,,,,,,,,,,,,,,,,,,,,,,,,,,,,,,,,,,,,,,,,,,,,,,,,,,,,,,,,,,,,,,,,,,,,,,,,,,,,,,,,,,,,,,,,,,,,,,,,,,,,,,,,,,,,,,,,,,,,,,,,,,,,,,,,,,,,,,,,,,,,,,,,,,,,,,,,,,,,,,,
1,1.0,781454.1370422222,7.044938002098195,1115.2303153199957,150000000.0,66.77778894763769,,,0,true,0.13,0.8700000000000001,0.1,0.9,0.30000000000000004,0.07,0.07,0.07,1.0,Stratify S and beta wrt. vaccination status.  Set beta values for strata.,False,1,0.776124,True,74608678.4044325,74608678.40548359,0.18000100000000002,0.18000100000000002,0.17999900000000005,0.17999900000000005,1.0,1.0,1.0,1.0,,,,,,,,,,,,,,,,,,,,,,,,,,,,,,,,,,,,,,,,,,,,,,,,,,,,,,,,,,,,,,,,,,,,,,,,,,,,,,,,,,,,,,,,,,,,,,,,,,,,,,,,,,,,,,,,,,,,,,,,,,,,,,,,,,,,,,,,,,,,,,,,,,,,,,,,,,,,,,,,,,,,,,,,,,,,,,,,,,,,,,,,,,,,,,,,,,,,,,,,,,,,,,,,,,,,,,,,,,,,,,,,,,,,
2,0.0,781454.0,0.0,1000.0,150000000.0,0.0,,,0,true,0.13,0.8700000000000001,0.1,0.9,0.30000000000000004,0.07,0.07,0.07,1.0,Stratify S_vac_T wrt. age group,False,1,1.325802,True,74608773.0,,0.18000100000000002,0.18000100000000002,,,1.0,1.0,,,24869591.0,24869591.0,24869591.0,0.17999800000000005,0.17999800000000005,0.18000000000000002,0.18000000000000002,0.18000200000000002,0.18000200000000002,0.3333333333333333,0.3333333333333333,0.3333333333333333,0.3333333333333333,0.3333333333333333,0.3333333333333333,0.6,0.6,0.2,0.2,0.2,0.2,0.6,0.6,0.2,0.2,0.2,0.2,0.6,0.6,0.2,0.2,0.2,0.2,,,,,,,,,,,,,,,,,,,,,,,,,,,,,,,,,,,,,,,,,,,,,,,,,,,,,,,,,,,,,,,,,,,,,,,,,,,,,,,,,,,,,,,,,,,,,,,,,,,,,,,,,,,,,,,,,,,,,,,,,,,,,,,,,,,,,,,,,,,,,,,,,,,,,,,,,,,,,,,,,,,,,,,,,,,,,,,,,,,,,,,,,,,,,,,,,,,
2,1.0,781454.1370422454,7.044939815119257,1115.2308700258905,150000000.0,66.77780583905448,,,0,true,0.13,0.8700000000000001,0.1,0.9,0.30000000000000004,0.07,0.07,0.07,1.0,Stratify S_vac_T wrt. age group,False,1,1.325802,True,74608679.20440806,,0.18000100000000002,0.18000100000000002,,,1.0,1.0,,,24869559.20199519,24869559.20164484,24869559.201294493,0.17999800000000005,0.17999800000000005,0.18000000000000002,0.18000000000000002,0.18000200000000002,0.18000200000000002,0.3333333333333333,0.3333333333333333,0.3333333333333333,0.3333333333333333,0.3333333333333333,0.3333333333333333,0.6,0.6,0.2,0.2,0.2,0.2,0.6,0.6,0.2,0.2,0.2,0.2,0.6,0.6,0.2,0.2,0.2,0.2,,,,,,,,,,,,,,,,,,,,,,,,,,,,,,,,,,,,,,,,,,,,,,,,,,,,,,,,,,,,,,,,,,,,,,,,,,,,,,,,,,,,,,,,,,,,,,,,,,,,,,,,,,,,,,,,,,,,,,,,,,,,,,,,,,,,,,,,,,,,,,,,,,,,,,,,,,,,,,,,,,,,,,,,,,,,,,,,,,,,,,,,,,,,,,,,,,,
3,0.0,781454.0,0.0,1000.0,150000000.0,0.0,,,0,true,0.13,0.8700000000000001,0.1,0.9,0.30000000000000004,0.07,0.07,0.07,1.0,Stratify S_vac_F wrt. age group,False,1,1.954872,True,,,,,,,,,,,24869591.0,24869591.0,24869591.0,0.17999800000000005,0.17999800000000005,0.18000000000000002,0.18000000000000002,0.18000200000000002,0.18000200000000002,,,,,,,0.6,0.6,0.2,0.2,0.2,0.2,0.6,0.6,0.2,0.2,0.2,0.2,0.6,0.6,0.2,0.2,0.2,0.2,24869591.0,24869591.0,24869591.0,0.17999700000000005,0.17999700000000005,0.18000000000000002,0.18000000000000002,0.18000300000000002,0.18000300000000002,0.19999999999999998,0.19999999999999998,0.19999999999999998,0.19999999999999998,0.19999999999999998,0.19999999999999998,0.19999999999999998,0.19999999999999998,0.19999999999999998,0.19999999999999998,0.19999999999999998,0.19999999999999998,0.19999999999999998,0.19999999999999998,0.19999999999999998,0.19999999999999998,0.19999999999999998,0.19999999999999998,0.19999999999999998,0.19999999999999998,0.19999999999999998,0.19999999999999998,0.19999999999999998,0.19999999999999998,0.19999999999999998,0.19999999999999998,0.19999999999999998,0.19999999999999998,0.19999999999999998,0.19999999999999998,0.3333333333333333,0.3333333333333333,0.3333333333333333,0.3333333333333333,0.3333333333333333,0.3333333333333333,0.3333333333333333,0.3333333333333333,0.3333333333333333,0.3333333333333333,0.3333333333333333,0.3333333333333333,0.3333333333333333,0.3333333333333333,0.3333333333333333,0.3333333333333333,0.3333333333333333,0.3333333333333333,,,,,,,,,,,,,,,,,,,,,,,,,,,,,,,,,,,,,,,,,,,,,,,,,,,,,,,,,,,,,,,,,,,,,,,,,,,,,,,,,,,,,,,,,,,,,,,,,,,,,,,,,,,,,,,,,,,,,,,,,,,,,,,,,,,,,,,,,,
3,1.0,781454.1370422222,7.04493800209857,1115.2303153200023,150000000.0,66.77778894764175,,,0,true,0.13,0.8700000000000001,0.1,0.9,0.30000000000000004,0.07,0.07,0.07,1.0,Stratify S_vac_F wrt. age group,False,1,1.954872,True,,,,,,,,,,,24869559.068669934,24869559.068319585,24869559.06796923,0.17999800000000005,0.17999800000000005,0.18000000000000002,0.18000000000000002,0.18000200000000002,0.18000200000000002,,,,,,,0.6,0.6,0.2,0.2,0.2,0.2,0.6,0.6,0.2,0.2,0.2,0.2,0.6,0.6,0.2,0.2,0.2,0.2,24869559.86884459,24869559.86831906,24869559.867793538,0.17999700000000005,0.17999700000000005,0.18000000000000002,0.18000000000000002,0.18000300000000002,0.18000300000000002,0.19999999999999998,0.19999999999999998,0.19999999999999998,0.19999999999999998,0.19999999999999998,0.19999999999999998,0.19999999999999998,0.19999999999999998,0.19999999999999998,0.19999999999999998,0.19999999999999998,0.19999999999999998,0.19999999999999998,0.19999999999999998,0.19999999999999998,0.19999999999999998,0.19999999999999998,0.19999999999999998,0.19999999999999998,0.19999999999999998,0.19999999999999998,0.19999999999999998,0.19999999999999998,0.19999999999999998,0.19999999999999998,0.19999999999999998,0.19999999999999998,0.19999999999999998,0.19999999999999998,0.19999999999999998,0.3333333333333333,0.3333333333333333,0.3333333333333333,0.3333333333333333,0.3333333333333333,0.3333333333333333,0.3333333333333333,0.3333333333333333,0.3333333333333333,0.3333333333333333,0.3333333333333333,0.3333333333333333,0.3333333333333333,0.3333333333333333,0.3333333333333333,0.3333333333333333,0.3333333333333333,0.3333333333333333,,,,,,,,,,,,,,,,,,,,,,,,,,,,,,,,,,,,,,,,,,,,,,,,,,,,,,,,,,,,,,,,,,,,,,,,,,,,,,,,,,,,,,,,,,,,,,,,,,,,,,,,,,,,,,,,,,,,,,,,,,,,,,,,,,,,,,,,,,
4,0.0,781454.0,0.0,1000.0,150000000.0,0.0,,,0,true,0.13,0.8700000000000001,0.1,0.9,0.30000000000000004,0.07,0.07,0.07,1.0,Abstract S age groups wrt. unvaccination status.,False,1,1.634687,True,74608773.0,,0.0,0.0,,,,,,,24869591.0,24869591.0,24869591.0,0.17999800000000005,0.17999800000000005,0.18000000000000002,0.18000000000000002,0.18000200000000002,0.18000200000000002,,,,,,,0.6,0.6,0.2,0.2,0.2,0.2,0.6,0.6,0.2,0.2,0.2,0.2,0.6,0.6,0.2,0.2,0.2,0.2,,,,,,,,,,,,,,0.11111111111111112,0.11111111111111112,0.11111111111111112,0.11111111111111112,0.11111111111111112,0.11111111111111112,,,,,0.11111111111111112,0.11111111111111112,0.11111111111111112,0.11111111111111112,0.11111111111111112,0.11111111111111112,,,,,0.11111111111111112,0.11111111111111112,0.11111111111111112,0.11111111111111112,0.11111111111111112,0.11111111111111112,0.2,0.2,0.2,0.2,0.2,0.2,0.2,0.2,0.2,0.2,0.2,0.2,0.2,0.2,0.2,0.2,0.2,0.2,,,,,,,,,,,,,,,,,,,,,,,,,,,,,,,,,,,,,,,,,,,,,,,,,,,,,,,,,,,,,,,,,,,,,,,,,,,,,,,,,,,,,,,,,,,,,,,,,,,,,,,,,,,,,,,,,,,,,,,,,,,,,,,,,,,,,,,,,,
4,1.0,781454.1329369901,6.728280708432951,1019.7224404422346,150000000.0,63.82682145168832,,,0,true,0.13,0.8700000000000001,0.1,0.9,0.30000000000000004,0.07,0.07,0.07,1.0,Abstract S age groups wrt. unvaccination status.,False,1,1.634687,True,74608773.80000024,,0.0,0.0,,,,,,,24869560.596841734,24869560.596506875,24869560.596172016,0.17999800000000005,0.17999800000000005,0.18000000000000002,0.18000000000000002,0.18000200000000002,0.18000200000000002,,,,,,,0.6,0.6,0.2,0.2,0.2,0.2,0.6,0.6,0.2,0.2,0.2,0.2,0.6,0.6,0.2,0.2,0.2,0.2,,,,,,,,,,,,,,0.11111111111111112,0.11111111111111112,0.11111111111111112,0.11111111111111112,0.11111111111111112,0.11111111111111112,,,,,0.11111111111111112,0.11111111111111112,0.11111111111111112,0.11111111111111112,0.11111111111111112,0.11111111111111112,,,,,0.11111111111111112,0.11111111111111112,0.11111111111111112,0.11111111111111112,0.11111111111111112,0.11111111111111112,0.2,0.2,0.2,0.2,0.2,0.2,0.2,0.2,0.2,0.2,0.2,0.2,0.2,0.2,0.2,0.2,0.2,0.2,,,,,,,,,,,,,,,,,,,,,,,,,,,,,,,,,,,,,,,,,,,,,,,,,,,,,,,,,,,,,,,,,,,,,,,,,,,,,,,,,,,,,,,,,,,,,,,,,,,,,,,,,,,,,,,,,,,,,,,,,,,,,,,,,,,,,,,,,,
5,0.0,,,1000.0,,,,,0,false,,,,,,,,,,Bounded(Stratify S and beta wrt. vaccination status.  Set beta values for strata.),False,0,1.432351,False,,,,,,,,,,,,,,,,,,,,,,,,,,,,,,,,,,,,,,,,,,,,,,,,,,,,,,,,,,,,,,,,,,,,,,,,,,,,,,,,,,,,,,,,,,,,,,,,,,,,,781454.0,781454.0,0.0,0.0,1000.0,1000.0,150000000.0,150000000.0,0.0,0.0,74608773.0,74608773.0,74608773.0,74608773.0,0.18000100000000002,0.18000100000000002,0.17999900000000005,0.17999900000000005,1.0,1.0,1.0,1.0,0.13,0.13,0.8700000000000001,0.8700000000000001,0.1,0.1,0.9,0.9,0.30000000000000004,0.30000000000000004,0.07,0.07,0.07,0.07,0.07,0.07,,,,,,,,,,,,,,,,,,,,,,,,,,,,,,,,,,,,,,,,,,,,,,,,,,,,,,,,,,,,,,,,,,,,,,,,,,,,,,,,,,,,,,,,,,,,,,,,,,,,
5,1.0,,,1115.2303153199957,,,,,0,false,,,,,,,,,,Bounded(Stratify S and beta wrt. vaccination status.  Set beta values for strata.),False,0,1.432351,False,,,,,,,,,,,,,,,,,,,,,,,,,,,,,,,,,,,,,,,,,,,,,,,,,,,,,,,,,,,,,,,,,,,,,,,,,,,,,,,,,,,,,,,,,,,,,,,,,,,,,781454.1370422222,781454.1370422222,7.044938002098195,7.044938002098195,1115.2303153199957,1115.2303153199957,150000000.0,150000000.0,66.77778894763769,66.77778894763769,74608678.4044325,74608678.4044325,74608678.40548359,74608678.40548359,0.18000100000000002,0.18000100000000002,0.17999900000000005,0.17999900000000005,1.0,1.0,1.0,1.0,0.13,0.13,0.8700000000000001,0.8700000000000001,0.1,0.1,0.9,0.9,0.30000000000000004,0.30000000000000004,0.07,0.07,0.07,0.07,0.07,0.07,,,,,,,,,,,,,,,,,,,,,,,,,,,,,,,,,,,,,,,,,,,,,,,,,,,,,,,,,,,,,,,,,,,,,,,,,,,,,,,,,,,,,,,,,,,,,,,,,,,,
6,0.0,,,1000.0,,,,,0,false,,,,,,,,,,Bounded(Stratify S_vac_T wrt. age group),False,0,2.386566,False,,,,,,,,,,,,,,,,,,,,,,,,,,,,,,,,,,,,,,,,,,,,,,,,,,,,,,,,,,,,,,,,,,,,,,,,,,,,,,,,,,,,,,,,,,,,,,,,,,,,,781454.0,781454.0,0.0,0.0,1000.0,1000.0,150000000.0,150000000.0,0.0,0.0,74608773.0,74608773.0,,,0.18000100000000002,0.18000100000000002,,,1.0,1.0,,,0.13,0.13,0.8700000000000001,0.8700000000000001,0.1,0.1,0.9,0.9,0.30000000000000004,0.30000000000000004,0.07,0.07,0.07,0.07,0.07,0.07,24869591.0,24869591.0,24869591.0,24869591.0,24869591.0,24869591.0,0.17999800000000005,0.17999800000000005,0.18000000000000002,0.18000000000000002,0.18000200000000002,0.18000200000000002,0.3333333333333333,0.3333333333333333,0.3333333333333333,0.3333333333333333,0.3333333333333333,0.3333333333333333,0.6,0.6,0.2,0.2,0.2,0.2,0.6,0.6,0.2,0.2,0.2,0.2,0.6,0.6,0.2,0.2,0.2,0.2,,,,,,,,,,,,,,,,,,,,,,,,,,,,,,,,,,,,,,,,,,,,,,,,,,,,,,,,,,,,,,,,
6,1.0,,,1115.2308700258905,,,,,0,false,,,,,,,,,,Bounded(Stratify S_vac_T wrt. age group),False,0,2.386566,False,,,,,,,,,,,,,,,,,,,,,,,,,,,,,,,,,,,,,,,,,,,,,,,,,,,,,,,,,,,,,,,,,,,,,,,,,,,,,,,,,,,,,,,,,,,,,,,,,,,,,781454.1370422454,781454.1370422454,7.044939815119257,7.044939815119257,1115.2308700258905,1115.2308700258905,150000000.0,150000000.0,66.77780583905448,66.77780583905448,74608679.20440806,74608679.20440806,,,0.18000100000000002,0.18000100000000002,,,1.0,1.0,,,0.13,0.13,0.8700000000000001,0.8700000000000001,0.1,0.1,0.9,0.9,0.30000000000000004,0.30000000000000004,0.07,0.07,0.07,0.07,0.07,0.07,24869559.20199519,24869559.20199519,24869559.20164484,24869559.20164484,24869559.201294493,24869559.201294493,0.17999800000000005,0.17999800000000005,0.18000000000000002,0.18000000000000002,0.18000200000000002,0.18000200000000002,0.3333333333333333,0.3333333333333333,0.3333333333333333,0.3333333333333333,0.3333333333333333,0.3333333333333333,0.6,0.6,0.2,0.2,0.2,0.2,0.6,0.6,0.2,0.2,0.2,0.2,0.6,0.6,0.2,0.2,0.2,0.2,,,,,,,,,,,,,,,,,,,,,,,,,,,,,,,,,,,,,,,,,,,,,,,,,,,,,,,,,,,,,,,,
7,0.0,,,1000.0,,,,,0,false,,,,,,,,,,Bounded(Stratify S_vac_F wrt. age group),False,0,5.271834,False,,,,,,,,,,,,,,,,,,,,,,,,,,,,,,,,,,,,,,,,,,,,,,,,,,,,,,,,,,,,,,,,,,,,,,,,,,,,,,,,,,,,,,,,,,,,,,,,,,,,,781454.0,781454.0,0.0,0.0,1000.0,1000.0,150000000.0,150000000.0,0.0,0.0,,,,,,,,,,,,,0.13,0.13,0.8700000000000001,0.8700000000000001,0.1,0.1,0.9,0.9,0.30000000000000004,0.30000000000000004,0.07,0.07,0.07,0.07,0.07,0.07,24869591.0,24869591.0,24869591.0,24869591.0,24869591.0,24869591.0,0.17999800000000005,0.17999800000000005,0.18000000000000002,0.18000000000000002,0.18000200000000002,0.18000200000000002,,,,,,,0.6,0.6,0.2,0.2,0.2,0.2,0.6,0.6,0.2,0.2,0.2,0.2,0.6,0.6,0.2,0.2,0.2,0.2,24869591.0,24869591.0,24869591.0,24869591.0,24869591.0,24869591.0,0.17999700000000005,0.17999700000000005,0.18000000000000002,0.18000000000000002,0.18000300000000002,0.18000300000000002,0.19999999999999998,0.19999999999999998,0.19999999999999998,0.19999999999999998,0.19999999999999998,0.19999999999999998,0.19999999999999998,0.19999999999999998,0.19999999999999998,0.19999999999999998,0.19999999999999998,0.19999999999999998,0.19999999999999998,0.19999999999999998,0.19999999999999998,0.19999999999999998,0.19999999999999998,0.19999999999999998,0.19999999999999998,0.19999999999999998,0.19999999999999998,0.19999999999999998,0.19999999999999998,0.19999999999999998,0.19999999999999998,0.19999999999999998,0.19999999999999998,0.19999999999999998,0.19999999999999998,0.19999999999999998,0.3333333333333333,0.3333333333333333,0.3333333333333333,0.3333333333333333,0.3333333333333333,0.3333333333333333,0.3333333333333333,0.3333333333333333,0.3333333333333333,0.3333333333333333,0.3333333333333333,0.3333333333333333,0.3333333333333333,0.3333333333333333,0.3333333333333333,0.3333333333333333,0.3333333333333333,0.3333333333333333,,,,
7,1.0,,,1115.2303153200023,,,,,0,false,,,,,,,,,,Bounded(Stratify S_vac_F wrt. age group),False,0,5.271834,False,,,,,,,,,,,,,,,,,,,,,,,,,,,,,,,,,,,,,,,,,,,,,,,,,,,,,,,,,,,,,,,,,,,,,,,,,,,,,,,,,,,,,,,,,,,,,,,,,,,,,781454.1370422222,781454.1370422222,7.04493800209857,7.04493800209857,1115.2303153200023,1115.2303153200023,150000000.0,150000000.0,66.77778894764175,66.77778894764175,,,,,,,,,,,,,0.13,0.13,0.8700000000000001,0.8700000000000001,0.1,0.1,0.9,0.9,0.30000000000000004,0.30000000000000004,0.07,0.07,0.07,0.07,0.07,0.07,24869559.068669934,24869559.068669934,24869559.068319585,24869559.068319585,24869559.06796923,24869559.06796923,0.17999800000000005,0.17999800000000005,0.18000000000000002,0.18000000000000002,0.18000200000000002,0.18000200000000002,,,,,,,0.6,0.6,0.2,0.2,0.2,0.2,0.6,0.6,0.2,0.2,0.2,0.2,0.6,0.6,0.2,0.2,0.2,0.2,24869559.86884459,24869559.86884459,24869559.86831906,24869559.86831906,24869559.867793538,24869559.867793538,0.17999700000000005,0.17999700000000005,0.18000000000000002,0.18000000000000002,0.18000300000000002,0.18000300000000002,0.19999999999999998,0.19999999999999998,0.19999999999999998,0.19999999999999998,0.19999999999999998,0.19999999999999998,0.19999999999999998,0.19999999999999998,0.19999999999999998,0.19999999999999998,0.19999999999999998,0.19999999999999998,0.19999999999999998,0.19999999999999998,0.19999999999999998,0.19999999999999998,0.19999999999999998,0.19999999999999998,0.19999999999999998,0.19999999999999998,0.19999999999999998,0.19999999999999998,0.19999999999999998,0.19999999999999998,0.19999999999999998,0.19999999999999998,0.19999999999999998,0.19999999999999998,0.19999999999999998,0.19999999999999998,0.3333333333333333,0.3333333333333333,0.3333333333333333,0.3333333333333333,0.3333333333333333,0.3333333333333333,0.3333333333333333,0.3333333333333333,0.3333333333333333,0.3333333333333333,0.3333333333333333,0.3333333333333333,0.3333333333333333,0.3333333333333333,0.3333333333333333,0.3333333333333333,0.3333333333333333,0.3333333333333333,,,,
8,0.0,,,1000.0,,,,,0,false,,,,,,,,,,Bounded(Abstract S age groups wrt. unvaccination status.),False,0,3.366676,False,,,,,,,,,,,,,,,,,,,,,,,,,,,,,,,,,,,,,,,,,,,,,,,,,,,,,,,,,,,,,,,,,,,,,,,,,,,,,,,,,,,,,,,,,,,,,,,,,,,,,781454.0,781454.0,0.0,0.0,1000.0,1000.0,150000000.0,150000000.0,0.0,0.0,74608773.0,74608773.0,,,0.17999700000000005,0.18000300000000002,,,,,,,0.13,0.13,0.8700000000000001,0.8700000000000001,0.1,0.1,0.9,0.9,0.30000000000000004,0.30000000000000004,0.07,0.07,0.07,0.07,0.07,0.07,24869591.0,24869591.0,24869591.0,24869591.0,24869591.0,24869591.0,0.17999800000000005,0.17999800000000005,0.18000000000000002,0.18000000000000002,0.18000200000000002,0.18000200000000002,,,,,,,0.6,0.6,0.2,0.2,0.2,0.2,0.6,0.6,0.2,0.2,0.2,0.2,0.6,0.6,0.2,0.2,0.2,0.2,,,,,,,,,,,,,,,,,0.11111111111111112,0.11111111111111112,0.11111111111111112,0.11111111111111112,0.11111111111111112,0.11111111111111112,,,,,0.11111111111111112,0.11111111111111112,0.11111111111111112,0.11111111111111112,0.11111111111111112,0.11111111111111112,,,,,0.11111111111111112,0.11111111111111112,0.11111111111111112,0.11111111111111112,0.11111111111111112,0.11111111111111112,0.2,0.2,0.2,0.2,0.2,0.2,0.2,0.2,0.2,0.2,0.2,0.2,0.2,0.2,0.2,0.2,0.2,0.2,,,,
8,1.0,,,1115.2353076897484,,,,,0,false,,,,,,,,,,Bounded(Abstract S age groups wrt. unvaccination status.),False,0,3.366676,False,,,,,,,,,,,,,,,,,,,,,,,,,,,,,,,,,,,,,,,,,,,,,,,,,,,,,,,,,,,,,,,,,,,,,,,,,,,,,,,,,,,,,,,,,,,,,,,,,,,,,781454.1370420123,781454.1370424322,7.044921684922686,7.044954319313789,1115.2253229724115,1115.2353076897484,150000000.0,150000000.0,66.77763692502359,66.7779409706047,74608679.20316537,74608679.20674966,,,0.17999700000000005,0.18000300000000002,,,,,,,0.13,0.13,0.8700000000000001,0.8700000000000001,0.1,0.1,0.9,0.9,0.30000000000000004,0.30000000000000004,0.07,0.07,0.07,0.07,0.07,0.07,24869559.20193132,24869559.202075034,24869559.201580964,24869559.201724686,24869559.20123062,24869559.201374333,0.17999800000000005,0.17999800000000005,0.18000000000000002,0.18000000000000002,0.18000200000000002,0.18000200000000002,,,,,,,0.6,0.6,0.2,0.2,0.2,0.2,0.6,0.6,0.2,0.2,0.2,0.2,0.6,0.6,0.2,0.2,0.2,0.2,,,,,,,,,,,,,,,,,0.11111111111111112,0.11111111111111112,0.11111111111111112,0.11111111111111112,0.11111111111111112,0.11111111111111112,,,,,0.11111111111111112,0.11111111111111112,0.11111111111111112,0.11111111111111112,0.11111111111111112,0.11111111111111112,,,,,0.11111111111111112,0.11111111111111112,0.11111111111111112,0.11111111111111112,0.11111111111111112,0.11111111111111112,0.2,0.2,0.2,0.2,0.2,0.2,0.2,0.2,0.2,0.2,0.2,0.2,0.2,0.2,0.2,0.2,0.2,0.2,,,,
9,0.0,,,1000.0,,,,,0,false,,,,,,,,,,Bounded(Abstract S age groups wrt. vaccination status.),False,0,2.486105,False,,,,,,,,,,,,,,,,,,,,,,,,,,,,,,,,,,,,,,,,,,,,,,,,,,,,,,,,,,,,,,,,,,,,,,,,,,,,,,,,,,,,,,,,,,,,,,,,,,,,,781454.0,781454.0,0.0,0.0,1000.0,1000.0,150000000.0,150000000.0,0.0,0.0,74608773.0,74608773.0,74608773.0,74608773.0,0.17999700000000005,0.18000300000000002,0.17999800000000005,0.18000200000000002,,,,,0.13,0.13,0.8700000000000001,0.8700000000000001,0.1,0.1,0.9,0.9,0.30000000000000004,0.30000000000000004,0.07,0.07,0.07,0.07,0.07,0.07,,,,,,,,,,,,,,,,,,,0.6,0.6,,,,,0.6,0.6,,,,,0.6,0.6,,,,,,,,,,,,,,,,,,,,,0.11111111111111112,0.11111111111111112,0.11111111111111112,0.11111111111111112,0.11111111111111112,0.11111111111111112,,,,,0.11111111111111112,0.11111111111111112,0.11111111111111112,0.11111111111111112,0.11111111111111112,0.11111111111111112,,,,,0.11111111111111112,0.11111111111111112,0.11111111111111112,0.11111111111111112,0.11111111111111112,0.11111111111111112,0.11111111111111112,0.11111111111111112,0.11111111111111112,0.11111111111111112,0.11111111111111112,0.11111111111111112,0.11111111111111112,0.11111111111111112,0.11111111111111112,0.11111111111111112,0.11111111111111112,0.11111111111111112,0.11111111111111112,0.11111111111111112,0.11111111111111112,0.11111111111111112,0.11111111111111112,0.11111111111111112,,,,
9,1.0,,,1115.238635948498,,,,,0,false,,,,,,,,,,Bounded(Abstract S age groups wrt. vaccination status.),False,0,2.486105,False,,,,,,,,,,,,,,,,,,,,,,,,,,,,,,,,,,,,,,,,,,,,,,,,,,,,,,,,,,,,,,,,,,,,,,,,,,,,,,,,,,,,,,,,,,,,,,,,,,,,,781454.1370418718,781454.1370425719,7.044910806826731,7.044965197478411,1115.221994753025,1115.238635948498,150000000.0,150000000.0,66.7775355767967,66.77804231943013,74608678.40302217,74608678.40689394,74608678.40354767,74608678.40636839,0.17999700000000005,0.18000300000000002,0.17999800000000005,0.18000200000000002,,,,,0.13,0.13,0.8700000000000001,0.8700000000000001,0.1,0.1,0.9,0.9,0.30000000000000004,0.30000000000000004,0.07,0.07,0.07,0.07,0.07,0.07,,,,,,,,,,,,,,,,,,,0.6,0.6,,,,,0.6,0.6,,,,,0.6,0.6,,,,,,,,,,,,,,,,,,,,,0.11111111111111112,0.11111111111111112,0.11111111111111112,0.11111111111111112,0.11111111111111112,0.11111111111111112,,,,,0.11111111111111112,0.11111111111111112,0.11111111111111112,0.11111111111111112,0.11111111111111112,0.11111111111111112,,,,,0.11111111111111112,0.11111111111111112,0.11111111111111112,0.11111111111111112,0.11111111111111112,0.11111111111111112,0.11111111111111112,0.11111111111111112,0.11111111111111112,0.11111111111111112,0.11111111111111112,0.11111111111111112,0.11111111111111112,0.11111111111111112,0.11111111111111112,0.11111111111111112,0.11111111111111112,0.11111111111111112,0.11111111111111112,0.11111111111111112,0.11111111111111112,0.11111111111111112,0.11111111111111112,0.11111111111111112,,,,
10,0.0,,,1000.0,,,,,0,false,,,,,,,,,,Bounded(Abstract S and beta vaccination status.),False,0,1.388009,False,,,,,,,,,,,,,,,,,,,,,,,,,,,,,,,,,,,,,,,,,,,,,,,,,,,,,,,,,,,,,,,,,,,,,,,,,,,,,,,,,,,,,,,,,,,,,,,,,,,,,781454.0,781454.0,0.0,0.0,1000.0,1000.0,150000000.0,150000000.0,0.0,0.0,,,,,,,,,,,,,0.13,0.13,0.8700000000000001,0.8700000000000001,0.1,0.1,0.9,0.9,0.30000000000000004,0.30000000000000004,0.07,0.07,0.07,0.07,0.07,0.07,,,,,,,,,,,,,,,,,,,,,,,,,,,,,,,,,,,,,,,,,,,,,,,,,,,,,,,,,,,,,,,,,,,,,,,,,,,,,,,,,,,,,,,,,,,,,,,,,149217546.0,149217546.0,0.0,0.0
10,1.0,,,932.3938198885867,,,,,0,false,,,,,,,,,,Bounded(Abstract S and beta vaccination status.),False,0,1.388009,False,,,,,,,,,,,,,,,,,,,,,,,,,,,,,,,,,,,,,,,,,,,,,,,,,,,,,,,,,,,,,,,,,,,,,,,,,,,,,,,,,,,,,,,,,,,,,,,,,,,,,781454.1290127084,781454.1290127084,6.430147003576014,6.430147003576014,932.3938198885867,932.3938198885867,150000000.0,150000000.0,61.047020402184536,61.047020402184536,,,,,,,,,,,,,0.13,0.13,0.8700000000000001,0.8700000000000001,0.1,0.1,0.9,0.9,0.30000000000000004,0.30000000000000004,0.07,0.07,0.07,0.07,0.07,0.07,,,,,,,,,,,,,,,,,,,,,,,,,,,,,,,,,,,,,,,,,,,,,,,,,,,,,,,,,,,,,,,,,,,,,,,,,,,,,,,,,,,,,,,,,,,,,,,,,149217546.0,149217546.0,0.0,0.0
